f_mati_test_func_overlay101_vect,11
f_mati_test_func_overlay102_vect,12
f_mati_test_func_overlay103_vect,13
f_mati_test_func_overlay104_vect,14
f_mati_test_func_overlay105_vect,15
f_mati_test_func_overlay106_vect,16
f_mati_test_func_overlay107_vect,17
f_mati_test_func_overlay108_vect,18
f_mati_test_func_overlay109_vect,19
f_mati_test_func_overlay110_vect,20
f_mati_test_func_overlay111_vect,21
f_mati_test_func_overlay112_vect,22
f_mati_test_func_overlay120_vect,23
f_mati_test_func_overlay121_vect,24
f_mati_test_func_overlay123_vect,25
f_mati_test_func_overlay124_vect,26
f_mati_test_func_overlay125_vect,27
f_mati_test_func_overlay126_vect,28
f_mati_test_func_overlay127_vect,29
f_mati_test_func_overlay128_vect,30
f_mati_test_func_overlay129_vect,31
f_mati_test_func_overlay130_vect,32
f_mati_test_func_overlay131_vect,33
f_mati_test_func_overlay132_vect,34
f_mati_test_func_overlay133_vect,35
f_mati_test_func_overlay134_vect,36
f_mati_test_func_overlay135_vect,37
f_mati_test_func_overlay136_vect,38
f_mati_test_func_overlay137_vect,39
f_mati_test_func_overlay138_vect,40
f_mati_test_func_overlay139_vect,41
f_mati_test_func_overlay140_vect,42
f_mati_test_func_overlay141_vect,43
f_mati_test_func_overlay142_vect,44
f_mati_test_func_overlay143_vect,45
f_mati_test_func_overlay144_vect,46
f_mati_test_func_overlay145_vect,47
f_mati_test_func_overlay146_vect,48
f_mati_test_func_overlay147_vect,49
f_mati_test_func_overlay148_vect,50
f_mati_test_func_overlay149_vect,51
f_mati_test_func_overlay150_vect,52
f_mati_test_func_overlay151_vect,53
f_mati_test_func_overlay152_vect,54
f_mati_test_func_overlay153_vect,55
f_mati_test_func_overlay154_vect,56
f_mati_test_func_overlay155_vect,57
f_mati_test_func_overlay156_vect,58
f_mati_test_func_overlay157_vect,59
f_mati_test_func_overlay158_vect,60
f_mati_test_func_overlay159_vect,61
